{
    "bm25": 0.9260656924502363,
    "emb": 0.9147094294284154,
    "hybrid": 0.9302947895619476,
    "reranked": 0.9310820420968879
}